{"extensionType":"field_faas","i18nMap":{"zh-CN":{"imageField":"图片字段","description":"裁剪图片并保留最大纵向尺寸","processingFailed":"图片处理失败","ratioType":"裁剪比例类型","ratioTypeDescription":"选择预设比例或自定义比例","presetRatio":"预设比例","customRatio":"自定义比例","widthRatio":"宽度比例","heightRatio":"高度比例","invalidRatio":"无效的比例值","square":"正方形 (1:1)","portrait":"纵向 (9:16)","landscape":"横向 (16:9)","classic":"经典 (4:3)","widescreen":"宽屏 (21:9)","apiKey":"API Key","apiKeyDescription":"请输入图片处理服务的 API Key"},"en-US":{"imageField":"Image Field","description":"Crop images while preserving maximum vertical dimension","processingFailed":"Image processing failed","ratioType":"Aspect Ratio Type","ratioTypeDescription":"Choose preset ratio or custom ratio","presetRatio":"Preset Ratio","customRatio":"Custom Ratio","widthRatio":"Width Ratio","heightRatio":"Height Ratio","invalidRatio":"Invalid ratio value","square":"Square (1:1)","portrait":"Portrait (9:16)","landscape":"Landscape (16:9)","classic":"Classic (4:3)","widescreen":"Widescreen (21:9)","apiKey":"API Key","apiKeyDescription":"Enter the API Key for the image processing service"},"ja-JP":{"imageField":"画像フィールド","description":"画像を切り抜き、最大垂直寸法を保持します","processingFailed":"画像処理に失敗しました","ratioType":"アスペクト比のタイプ","ratioTypeDescription":"プリセット比またはカスタム比を選択","presetRatio":"プリセット比","customRatio":"カスタム比","widthRatio":"幅比","heightRatio":"高さ比","invalidRatio":"無効な比率値","square":"正方形 (1:1)","portrait":"ポートレート (9:16)","landscape":"ランドスケープ (16:9)","classic":"クラシック (4:3)","widescreen":"ワイドスクリーン (21:9)","apiKey":"APIキー","apiKeyDescription":"画像処理サービスのAPIキーを入力してください"}},"fields":[{"fieldType":17,"uiSchema":{"fieldsConfigEditor":{"component":"OpenFieldMetaEditor","props":{"schema":{"authorizations":[{"id":"api_key_auth","type":"HeaderBearerToken","label":"${{apiKey}}","instructionsUrl":"https://nmqccclky7.feishu.cn/wiki/IyXNwS3MYigcp2kp7wucZR8MnuT","platform":"aihubmax","icon":{"light":"https://zdaif.oss-cn-hangzhou.aliyuncs.com/asset/img/icons/img_resize.svg","dark":"https://zdaif.oss-cn-hangzhou.aliyuncs.com/asset/img/icons/img_resize_dark.svg"},"isRequired":true,"authType":"APIKey"}],"items":[{"key":"imageField","label":"${{imageField}}","component":"FieldSelect","props":{"supportType":[17],"placeholder":"${{description}}"},"validator":{"required":true}},{"key":"aspectRatio","label":"${{presetRatio}}","component":"SingleSelect","props":{"options":[{"label":"${{square}}","value":"1:1"},{"label":"${{portrait}}","value":"9:16"},{"label":"${{landscape}}","value":"16:9"},{"label":"${{classic}}","value":"4:3"},{"label":"${{widescreen}}","value":"21:9"}]},"defaultValue":{"label":"${{portrait}}","value":"9:16"}}]}}}},"presetFieldConfig":{"fieldProperty":{"propertyType":17,"properties":[]},"externalEditorConfig":{}},"disableAutoUpdate":false}]}